{
  "epoch": 19,
  "val_loss": 7.427773767047459,
  "b_mse": 25.634057963335955,
  "mse": 3.9632420114393496,
  "csi_by_threshold": {
    "csi_2": 0.24797378727095867,
    "csi_5": 0.3915659677058068,
    "csi_10": 0.4597668025338831,
    "csi_30": 0.3078011307922908,
    "csi_45": 0.078151928172124
  },
  "hss_by_threshold": {
    "hss_2": 0.18693678199678176,
    "hss_5": 0.2747417912019468,
    "hss_10": 0.309359292387975,
    "hss_30": 0.2294812199760518,
    "hss_45": 0.07082030824343752
  },
  "mse_by_range": {
    "mse_0_20": 3.2470110429325363,
    "mse_20_35": 93.82584718324226,
    "mse_35_45": 180.66713161381537,
    "mse_45_100": 319.1332625991835
  }
}