{
  "mse_0_20": 2.4545066082827804,
  "mse_20_35": 304.85673715079486,
  "mse_35_45": 865.2796395381582,
  "mse_45_100": 1498.8447052401746
}