{
  "mse_0_20": 6.724565707958356,
  "mse_20_35": 80.010864824483,
  "mse_35_45": 176.42001454415933,
  "mse_45_100": 333.38292028216495
}