{
  "mse_0_20": 6.197393227168324,
  "mse_20_35": 79.98475236905912,
  "mse_35_45": 211.386673211437,
  "mse_45_100": 398.4652565629369
}