{
  "storm_initiation_metrics": {
    "correct": 7,
    "early": 2,
    "late": 1,
    "incorrect_initiations": 20,
    "total_true": 19,
    "total_pred": 30,
    "correct_over_true": 0.3684210526315789,
    "correct_over_pred": 0.23333333333333334,
    "anytime_ratio": 0.5263157894736842,
    "incorrect_initiation_ratio": 0.6666666666666666,
    "statistics": {
      "correct": {
        "avg_area_km2": 31.45831310344636,
        "avg_duration_frames": 9.857142857142858,
        "avg_pixels": 199.14285714285714,
        "storm_count": 7
      },
      "early": {
        "avg_area_km2": 15.659966713519122,
        "avg_duration_frames": 10.0,
        "avg_pixels": 150.5,
        "storm_count": 2
      },
      "late": {
        "avg_area_km2": 73.27328532185194,
        "avg_duration_frames": 16.0,
        "avg_pixels": 151.0,
        "storm_count": 1
      },
      "incorrect_initiations": {
        "avg_area_km2": 46.29485840914959,
        "avg_duration_frames": 12.05,
        "avg_pixels": 182.15,
        "storm_count": 20
      },
      "true_storms": {
        "avg_area_km2": 58.46198495711507,
        "avg_duration_frames": 14.052631578947368,
        "avg_pixels": 216.05263157894737,
        "storm_count": 19
      }
    }
  },
  "forecasting_metrics": {
    "b_mse": 102.64474487304688,
    "csi_by_threshold": {
      "csi_2": 0.5949236206029617,
      "csi_5": 0.6684810335021422,
      "csi_10": 0.6742431803367969,
      "csi_30": 0.36789266978184215,
      "csi_45": 0.1787968026924695
    },
    "hss_by_threshold": {
      "hss_2": 0.35815559380904977,
      "hss_5": 0.39147828815637203,
      "hss_10": 0.3954329749296716,
      "hss_30": 0.2661392737482646,
      "hss_45": 0.1512909413850488
    }
  }
}